â„– of process;RANDOM VALUE
# of process: 1;146
# of process: 1;177
# of process: 1;147
# of process: 1;151
# of process: 1;172
# of process: 1;188
# of process: 1;179
# of process: 1;101
# of process: 1;102
# of process: 1;178
# of process: 1;176
# of process: 1;183
# of process: 1;198
# of process: 1;134
# of process: 1;143
# of process: 1;103
# of process: 1;111
# of process: 1;143
# of process: 0;6
# of process: 0;31
# of process: 0;12
# of process: 0;11
# of process: 0;4
# of process: 0;27
# of process: 0;40
# of process: 0;89
# of process: 0;39
# of process: 0;5
# of process: 0;7
# of process: 0;78
# of process: 1;104
# of process: 1;151
# of process: 1;152
# of process: 1;108
# of process: 0;9
# of process: 0;98
# of process: 0;86
# of process: 0;95
# of process: 0;60
# of process: 0;6
# of process: 0;22
# of process: 0;59
# of process: 0;61
# of process: 0;25
# of process: 0;95
# of process: 0;56
# of process: 0;90
# of process: 0;90
# of process: 0;89
# of process: 0;2
# of process: 0;15
# of process: 0;24
# of process: 0;15
# of process: 0;46
# of process: 0;70
# of process: 1;179
# of process: 1;112
# of process: 1;146
# of process: 1;182
# of process: 1;131
# of process: 0;59
# of process: 0;5
# of process: 0;75
# of process: 0;61
# of process: 0;81
# of process: 0;42
# of process: 0;19
# of process: 0;73
# of process: 0;8
# of process: 0;79
# of process: 0;85
# of process: 0;19
# of process: 0;38
# of process: 0;58
# of process: 0;43
# of process: 0;73
# of process: 0;28
# of process: 0;54
# of process: 0;33
# of process: 0;62
# of process: 0;3
# of process: 0;27
# of process: 0;9
# of process: 0;84
# of process: 0;43
# of process: 0;45
# of process: 0;75
# of process: 0;83
# of process: 0;44
# of process: 0;4
# of process: 0;26
# of process: 0;70
# of process: 0;84
# of process: 0;14
# of process: 0;88
# of process: 0;37
# of process: 0;73
# of process: 0;52
# of process: 0;80
# of process: 0;83
# of process: 0;81
# of process: 0;56
# of process: 0;82
# of process: 0;56
# of process: 0;49
# of process: 0;83
# of process: 0;47
# of process: 0;59
# of process: 0;63
# of process: 0;25
# of process: 0;74
# of process: 0;72
# of process: 0;45
# of process: 0;86
# of process: 0;43
# of process: 0;88
# of process: 0;18
# of process: 0;0
# of process: 0;65
# of process: 0;96
# of process: 0;11
# of process: 0;7
# of process: 0;0
# of process: 1;122
# of process: 1;171
# of process: 1;163
# of process: 1;117
# of process: 1;193
# of process: 1;163
# of process: 1;103
# of process: 0;27
# of process: 0;11
# of process: 0;91
# of process: 1;155
# of process: 1;180
# of process: 0;40
# of process: 1;137
# of process: 1;165
# of process: 1;178
# of process: 1;112
# of process: 1;155
# of process: 1;157
# of process: 1;167
# of process: 1;177
# of process: 1;126
# of process: 1;169
# of process: 1;138
# of process: 1;172
# of process: 1;160
# of process: 1;126
# of process: 1;153
# of process: 1;105
# of process: 1;177
# of process: 1;186
# of process: 1;138
# of process: 1;181
# of process: 1;189
# of process: 1;109
# of process: 1;185
# of process: 1;167
# of process: 1;168
# of process: 1;181
# of process: 1;179
# of process: 1;146
# of process: 1;191
# of process: 1;145
# of process: 1;171
# of process: 1;161
# of process: 1;190
# of process: 1;184
# of process: 1;173
# of process: 1;177
# of process: 1;127
# of process: 1;134
# of process: 1;148
# of process: 1;166
# of process: 1;189
# of process: 1;112
# of process: 1;139
# of process: 1;173
# of process: 1;151
# of process: 1;200
# of process: 1;154
# of process: 1;195
# of process: 1;132
# of process: 1;173
# of process: 1;138
# of process: 1;134
# of process: 1;114
# of process: 1;176
# of process: 1;127
# of process: 1;135
# of process: 1;186
# of process: 1;194
# of process: 1;142
# of process: 1;119
# of process: 1;140
# of process: 1;161
# of process: 1;140
# of process: 1;182
